<?xml version="1.0"?>
<doc>
    <assembly>
        <name>ExcelReportGenerator</name>
    </assembly>
    <members>
        <member name="T:ExcelReportGenerator.Attributes.ExcelColumnAttribute">
            <summary>
            An attribute that allows you to configure excel column output more flexibly
            </summary>
        </member>
        <member name="P:ExcelReportGenerator.Attributes.ExcelColumnAttribute.Caption">
            <summary>
            Column caption which will be displayed in excel sheet
            </summary>
        </member>
        <member name="P:ExcelReportGenerator.Attributes.ExcelColumnAttribute.Width">
            <summary>
            Column width if panel is vertical or row height if panel is horizontal
            </summary>
        </member>
        <member name="P:ExcelReportGenerator.Attributes.ExcelColumnAttribute.AggregateFunction">
            <summary>
            Aggregate function applied to this column
            </summary>
        </member>
        <member name="P:ExcelReportGenerator.Attributes.ExcelColumnAttribute.NoAggregate">
            <summary>
            Do not apply an aggregate function even it is specified
            </summary>
        </member>
        <member name="P:ExcelReportGenerator.Attributes.ExcelColumnAttribute.DisplayFormat">
            <summary>
            Display format for number and date columns
            </summary>
        </member>
        <member name="P:ExcelReportGenerator.Attributes.ExcelColumnAttribute.IgnoreDisplayFormat">
            <summary>
            Do not apply display format even it is specified
            </summary>
        </member>
        <member name="P:ExcelReportGenerator.Attributes.ExcelColumnAttribute.AdjustToContent">
            <summary>
            Adjust to content column width if panel is vertical or row height if panel is horizontal
            </summary>
        </member>
        <member name="P:ExcelReportGenerator.Attributes.ExcelColumnAttribute.Order">
            <summary>
            Order in which the column appears in Excel
            </summary>
        </member>
        <member name="T:ExcelReportGenerator.Attributes.NoExcelColumnAttribute">
            <summary>
            An attribute that allows you to mark property as no excel column
            </summary>
        </member>
        <member name="T:ExcelReportGenerator.Attributes.NullValueAttribute">
            <summary>
            An attribute that allows you to replace null-values to more readable
            </summary>
        </member>
        <member name="P:ExcelReportGenerator.Attributes.NullValueAttribute.Value">
            <summary>
            The value that will be write to Excel if original value is null
            </summary>
        </member>
        <member name="T:ExcelReportGenerator.Enums.AggregateFunction">
            <summary>
            Built-in aggregate functions
            </summary>
        </member>
        <member name="M:ExcelReportGenerator.Helpers.ReflectionHelper.GetValueOfPropertiesChain(System.String,System.Object,System.Reflection.BindingFlags)">
            <param name="propertiesChain">The chain where properties or fields names should be separated with ".". Example - Employee.Contact.Phone</param>
        </member>
        <member name="T:ExcelReportGenerator.Rendering.DefaultReportGenerator">
            <summary>
            Report generator with default configurations
            </summary>
        </member>
        <member name="E:ExcelReportGenerator.Rendering.DefaultReportGenerator.BeforeReportRender">
            <summary>
            Event raised before render report 
            </summary>
        </member>
        <member name="E:ExcelReportGenerator.Rendering.DefaultReportGenerator.BeforeWorksheetRender">
            <summary>
            Event raised before render each worksheet
            </summary>
        </member>
        <member name="E:ExcelReportGenerator.Rendering.DefaultReportGenerator.AfterWorksheetRender">
            <summary>
            Event raised after render each worksheet
            </summary>
        </member>
        <member name="F:ExcelReportGenerator.Rendering.DefaultReportGenerator.Report">
            <summary>
            Report object
            </summary>
        </member>
        <member name="M:ExcelReportGenerator.Rendering.DefaultReportGenerator.#ctor(System.Object)">
            <param name="report">Report object</param>
            <exception cref="T:System.ArgumentNullException">Thrown when <paramref name="report"/> is null</exception>
        </member>
        <member name="P:ExcelReportGenerator.Rendering.DefaultReportGenerator.SystemFunctionsType">
            <summary>
            Type of system functions. Default value is <see cref="T:ExcelReportGenerator.Rendering.SystemFunctions"/>
            </summary>
        </member>
        <member name="P:ExcelReportGenerator.Rendering.DefaultReportGenerator.SystemVariableProvider">
            <summary>
            System variable provider. Default value is instance of <see cref="T:ExcelReportGenerator.Rendering.Providers.VariableProviders.SystemVariableProvider"/>
            </summary>
        </member>
        <member name="P:ExcelReportGenerator.Rendering.DefaultReportGenerator.TypeProvider">
            <summary>
            Type provider. Default value is instance of <see cref="T:ExcelReportGenerator.Rendering.Providers.DefaultTypeProvider"/>
            </summary>
        </member>
        <member name="P:ExcelReportGenerator.Rendering.DefaultReportGenerator.InstanceProvider">
            <summary>
            Instance provider. Default value is instance of <see cref="T:ExcelReportGenerator.Rendering.Providers.DefaultInstanceProvider"/>
            </summary>
        </member>
        <member name="P:ExcelReportGenerator.Rendering.DefaultReportGenerator.PropertyValueProvider">
            <summary>
            Property value provider. Default value is instance of <see cref="T:ExcelReportGenerator.Rendering.Providers.DefaultPropertyValueProvider"/>
            </summary>
        </member>
        <member name="P:ExcelReportGenerator.Rendering.DefaultReportGenerator.MethodCallValueProvider">
            <summary>
            Method call value provider. Default value is instance of <see cref="T:ExcelReportGenerator.Rendering.Providers.DefaultMethodCallValueProvider"/>
            </summary>
        </member>
        <member name="P:ExcelReportGenerator.Rendering.DefaultReportGenerator.DataItemValueProvider">
            <summary>
            Data item value provider. Default value is instance of <see cref="T:ExcelReportGenerator.Rendering.Providers.DataItemValueProviders.DefaultDataItemValueProvider"/>
            </summary>
        </member>
        <member name="P:ExcelReportGenerator.Rendering.DefaultReportGenerator.TemplateProcessor">
            <summary>
            Template processor. Default value is instance of <see cref="T:ExcelReportGenerator.Rendering.TemplateProcessors.DefaultTemplateProcessor"/>
            </summary>
        </member>
        <member name="P:ExcelReportGenerator.Rendering.DefaultReportGenerator.PanelParsingSettings">
            <summary>
            See <see cref="T:ExcelReportGenerator.Rendering.PanelParsingSettings"/>
            </summary>
        </member>
        <member name="M:ExcelReportGenerator.Rendering.DefaultReportGenerator.Render(ClosedXML.Excel.XLWorkbook,ClosedXML.Excel.IXLWorksheet[])">
            <summary>
            Render report based on <paramref name="reportTemplate"/> and report object passed in the constructor
            </summary>
            <param name="reportTemplate">Excel report template</param>
            <param name="worksheets">List of worksheets that must be rendered</param>
            <exception cref="T:System.ArgumentNullException">Thrown when <paramref name="reportTemplate"/> is null</exception>
            <exception cref="T:System.InvalidOperationException"></exception>
        </member>
        <member name="M:ExcelReportGenerator.Rendering.DefaultReportGenerator.OnBeforeReportRender(ExcelReportGenerator.Rendering.EventArgs.ReportRenderEventArgs)">
            <summary>
            Raise BeforeReportRender event
            </summary>
        </member>
        <member name="M:ExcelReportGenerator.Rendering.DefaultReportGenerator.OnBeforeWorksheetRender(ExcelReportGenerator.Rendering.EventArgs.WorksheetRenderEventArgs)">
            <summary>
            Raise BeforeWorksheetRender event
            </summary>
        </member>
        <member name="M:ExcelReportGenerator.Rendering.DefaultReportGenerator.OnAfterWorksheetRender(ExcelReportGenerator.Rendering.EventArgs.WorksheetRenderEventArgs)">
            <summary>
            Raise AfterWorksheetRender event
            </summary>
        </member>
        <member name="T:ExcelReportGenerator.Rendering.EventArgs.DataItemPanelBeforeRenderEventArgs">
            <summary>
            Represent arguments of data item panel before render event
            </summary>
        </member>
        <member name="P:ExcelReportGenerator.Rendering.EventArgs.DataItemPanelBeforeRenderEventArgs.DataItem">
            <summary>
            Hierarchical data item
            </summary>
        </member>
        <member name="T:ExcelReportGenerator.Rendering.EventArgs.DataItemPanelEventArgs">
            <summary>
            Represent arguments of data item panel event
            </summary>
        </member>
        <member name="P:ExcelReportGenerator.Rendering.EventArgs.DataItemPanelEventArgs.DataItem">
            <summary>
            Hierarchical data item
            </summary>
        </member>
        <member name="T:ExcelReportGenerator.Rendering.EventArgs.DataSourceDynamicPanelBeforeRenderEventArgs">
            <summary>
            Represent arguments of data source dynamic panel before render event
            </summary>
        </member>
        <member name="P:ExcelReportGenerator.Rendering.EventArgs.DataSourceDynamicPanelBeforeRenderEventArgs.Columns">
            <summary>
            Data source dynamic panel columns
            </summary>
        </member>
        <member name="T:ExcelReportGenerator.Rendering.EventArgs.DataSourceDynamicPanelEventArgs">
            <summary>
            Represent arguments of data source dynamic panel event
            </summary>
        </member>
        <member name="P:ExcelReportGenerator.Rendering.EventArgs.DataSourceDynamicPanelEventArgs.Columns">
            <summary>
            Data source dynamic panel columns
            </summary>
        </member>
        <member name="T:ExcelReportGenerator.Rendering.EventArgs.DataSourcePanelBeforeRenderEventArgs">
            <summary>
            Represent arguments of data source panel before render event
            </summary>
        </member>
        <member name="P:ExcelReportGenerator.Rendering.EventArgs.DataSourcePanelBeforeRenderEventArgs.Data">
            <summary>
            Data source panel data
            </summary>
        </member>
        <member name="T:ExcelReportGenerator.Rendering.EventArgs.DataSourcePanelEventArgs">
            <summary>
            Represent arguments of data source panel event
            </summary>
        </member>
        <member name="P:ExcelReportGenerator.Rendering.EventArgs.DataSourcePanelEventArgs.Data">
            <summary>
            Data source panel data
            </summary>
        </member>
        <member name="T:ExcelReportGenerator.Rendering.EventArgs.PanelBeforeRenderEventArgs">
            <summary>
            Represent arguments of panel before render event
            </summary>
        </member>
        <member name="P:ExcelReportGenerator.Rendering.EventArgs.PanelBeforeRenderEventArgs.IsCanceled">
            <summary>
            Is rendering canceled
            </summary>
        </member>
        <member name="T:ExcelReportGenerator.Rendering.EventArgs.PanelEventArgs">
            <summary>
            Represent arguments of panel event
            </summary>
        </member>
        <member name="P:ExcelReportGenerator.Rendering.EventArgs.PanelEventArgs.Range">
            <summary>
            Excel range
            </summary>
        </member>
        <member name="T:ExcelReportGenerator.Rendering.EventArgs.ReportRenderEventArgs">
            <summary>
            Represent arguments of report render event
            </summary>
        </member>
        <member name="P:ExcelReportGenerator.Rendering.EventArgs.ReportRenderEventArgs.Workbook">
            <summary>
            Excel workbook
            </summary>
        </member>
        <member name="T:ExcelReportGenerator.Rendering.EventArgs.WorksheetRenderEventArgs">
            <summary>
            Represent arguments of worksheet render event
            </summary>
        </member>
        <member name="P:ExcelReportGenerator.Rendering.EventArgs.WorksheetRenderEventArgs.Worksheet">
            <summary>
            Excel worksheet
            </summary>
        </member>
        <member name="T:ExcelReportGenerator.Rendering.ExcelDynamicColumn">
            <summary>
            Describes excel dynamic column
            </summary>
        </member>
        <member name="P:ExcelReportGenerator.Rendering.ExcelDynamicColumn.Name">
            <summary>
            Column name from data source
            </summary>
        </member>
        <member name="P:ExcelReportGenerator.Rendering.ExcelDynamicColumn.Caption">
            <summary>
            Column caption which will be displayed in excel sheet
            </summary>
        </member>
        <member name="P:ExcelReportGenerator.Rendering.ExcelDynamicColumn.Width">
            <summary>
            Column width if panel is vertical or row height if panel is horizontal
            </summary>
        </member>
        <member name="P:ExcelReportGenerator.Rendering.ExcelDynamicColumn.DataType">
            <summary>
            Column data type
            </summary>
        </member>
        <member name="P:ExcelReportGenerator.Rendering.ExcelDynamicColumn.AggregateFunction">
            <summary>
            Aggregate function applied to this column
            </summary>
        </member>
        <member name="P:ExcelReportGenerator.Rendering.ExcelDynamicColumn.DisplayFormat">
            <summary>
            Display format for number and date columns
            </summary>
        </member>
        <member name="P:ExcelReportGenerator.Rendering.ExcelDynamicColumn.AdjustToContent">
            <summary>
            Adjust to content column width if panel is vertical or row height if panel is horizontal
            </summary>
        </member>
        <member name="T:ExcelReportGenerator.Rendering.HierarchicalDataItem">
            <summary>
            Type that represent hierarchical data item
            </summary>
        </member>
        <member name="T:ExcelReportGenerator.Rendering.PanelParsingSettings">
            <summary>
            Allow to configure panel parsing settings
            </summary>
        </member>
        <member name="P:ExcelReportGenerator.Rendering.PanelParsingSettings.PanelPrefixSeparator">
            <summary>
            Separator between panel type prefix and panel name
            Cannot be null, empty string or whitespace
            </summary>
            <example>For "s_panel" panel name the separator is "_"</example>
        </member>
        <member name="P:ExcelReportGenerator.Rendering.PanelParsingSettings.SimplePanelPrefix">
            <summary>
            Prefix for simple panel
            Cannot be null, empty string or whitespace
            </summary>
            <example>For "s_header" panel name the prefix is "s"</example>
        </member>
        <member name="P:ExcelReportGenerator.Rendering.PanelParsingSettings.DataSourcePanelPrefix">
            <summary>
            Prefix for data source panel
            Cannot be null, empty string or whitespace
            </summary>
            <example>For "d_data" panel name the prefix is "d"</example>
        </member>
        <member name="P:ExcelReportGenerator.Rendering.PanelParsingSettings.DynamicDataSourcePanelPrefix">
            <summary>
            Prefix for dynamic panel
            Cannot be null, empty string or whitespace
            </summary>
            <example>For "dyn_data" panel name the prefix is "dyn"</example>
        </member>
        <member name="P:ExcelReportGenerator.Rendering.PanelParsingSettings.TotalsPanelPrefix">
            <summary>
            Prefix for totals panel
            Cannot be null, empty string or whitespace
            </summary>
            <example>For "t_data" panel name the prefix is "t"</example>
        </member>
        <member name="P:ExcelReportGenerator.Rendering.PanelParsingSettings.PanelPropertiesSeparators">
            <summary>
            Separator between different panel properties. Allow to specify multiple separators
            Cannot be null or empty array
            </summary>
        </member>
        <member name="P:ExcelReportGenerator.Rendering.PanelParsingSettings.PanelPropertyNameValueSeparator">
            <summary>
            Separator between panel property name and value
            Cannot be null, empty string or whitespace
            </summary>
        </member>
        <member name="T:ExcelReportGenerator.Rendering.Providers.DataItemValueProviders.DefaultDataItemValueProvider">
            <summary>
            Default implementation of <see cref="T:ExcelReportGenerator.Rendering.Providers.DataItemValueProviders.IGenericDataItemValueProvider`1" />
            Provides values from hierarchical data item
            </summary>
        </member>
        <member name="M:ExcelReportGenerator.Rendering.Providers.DataItemValueProviders.DefaultDataItemValueProvider.GetValue(System.String,ExcelReportGenerator.Rendering.HierarchicalDataItem)">
            <inheritdoc />
            <exception cref="T:System.ArgumentException">Thrown when <paramref name="template" /> is null, empty string or whitespace</exception>
            <exception cref="T:System.ArgumentNullException">Thrown when <paramref name="hierarchicalDataItem"/> is null</exception>
            <exception cref="T:ExcelReportGenerator.Exceptions.InvalidTemplateException"></exception>
        </member>
        <member name="T:ExcelReportGenerator.Rendering.Providers.DataItemValueProviders.IDataItemValueProvider">
            <summary>
            Provides values for data item templates
            </summary>
        </member>
        <member name="M:ExcelReportGenerator.Rendering.Providers.DataItemValueProviders.IDataItemValueProvider.GetValue(System.String,System.Object)">
            <summary>
            Get value from <paramref name="dataItem"/> based on <paramref name="template"/>
            </summary>
        </member>
        <member name="T:ExcelReportGenerator.Rendering.Providers.DataItemValueProviders.IGenericDataItemValueProvider`1">
            See <see cref="T:ExcelReportGenerator.Rendering.Providers.DataItemValueProviders.IDataItemValueProvider"/>
            <typeparam name="T">Type of data item</typeparam>
        </member>
        <member name="M:ExcelReportGenerator.Rendering.Providers.DataItemValueProviders.IGenericDataItemValueProvider`1.GetValue(System.String,`0)">
            See <see cref="M:ExcelReportGenerator.Rendering.Providers.DataItemValueProviders.IDataItemValueProvider.GetValue(System.String,System.Object)"/>
        </member>
        <member name="T:ExcelReportGenerator.Rendering.Providers.DefaultInstanceProvider">
            <summary>
            Default implementation of <see cref="T:ExcelReportGenerator.Rendering.Providers.IInstanceProvider" />
            </summary>
        </member>
        <member name="M:ExcelReportGenerator.Rendering.Providers.DefaultInstanceProvider.#ctor(System.Object)">
            <param name="defaultInstance">Instance which will be returned if the type is not specified explicitly</param>
        </member>
        <member name="P:ExcelReportGenerator.Rendering.Providers.DefaultInstanceProvider.DefaultInstance">
            <summary>
            Return instance if the type is not specified explicitly
            </summary>
        </member>
        <member name="M:ExcelReportGenerator.Rendering.Providers.DefaultInstanceProvider.GetInstance(System.Type)">
            <inheritdoc />
            <summary>
            Provides instance of specified <paramref name="type"/> as singleton. Type must have a default constructor.
            </summary>
            <exception cref="T:System.InvalidOperationException"></exception>
        </member>
        <member name="M:ExcelReportGenerator.Rendering.Providers.DefaultInstanceProvider.GetInstance``1">
            <inheritdoc />
            <summary>
            Provides instance of type <typeparamref name="T"/> as singleton. Type must have a default constructor.
            </summary>
            <exception cref="T:System.InvalidOperationException"></exception>
        </member>
        <member name="T:ExcelReportGenerator.Rendering.Providers.DefaultMethodCallValueProvider">
            <summary>
            Default implementation of <see cref="T:ExcelReportGenerator.Rendering.Providers.IMethodCallValueProvider" />
            </summary>
        </member>
        <member name="M:ExcelReportGenerator.Rendering.Providers.DefaultMethodCallValueProvider.#ctor(ExcelReportGenerator.Rendering.Providers.ITypeProvider,ExcelReportGenerator.Rendering.Providers.IInstanceProvider)">
            <param name="typeProvider">Type provider which will be used for type search</param>
            <param name="instanceProvider">Instance provider which will be used to get instance of specified type</param>
        </member>
        <member name="P:ExcelReportGenerator.Rendering.Providers.DefaultMethodCallValueProvider.TypeProvider">
            <summary>
            Type provider used for type search
            </summary>
        </member>
        <member name="P:ExcelReportGenerator.Rendering.Providers.DefaultMethodCallValueProvider.InstanceProvider">
            <summary>
            Instance provider used to get instance of specified type
            </summary>
        </member>
        <member name="M:ExcelReportGenerator.Rendering.Providers.DefaultMethodCallValueProvider.CallMethod(System.String,ExcelReportGenerator.Rendering.TemplateProcessors.ITemplateProcessor,ExcelReportGenerator.Rendering.HierarchicalDataItem)">
            <inheritdoc />
            <seealso cref="M:ExcelReportGenerator.Rendering.Providers.DefaultMethodCallValueProvider.CallMethod(System.String,System.Type,ExcelReportGenerator.Rendering.TemplateProcessors.ITemplateProcessor,ExcelReportGenerator.Rendering.HierarchicalDataItem)"/>
        </member>
        <member name="M:ExcelReportGenerator.Rendering.Providers.DefaultMethodCallValueProvider.CallMethod(System.String,System.Type,ExcelReportGenerator.Rendering.TemplateProcessors.ITemplateProcessor,ExcelReportGenerator.Rendering.HierarchicalDataItem)">
            <inheritdoc />
            <exception cref="T:System.ArgumentException">Thrown when <paramref name="methodCallTemplate" /> is null, empty string or whitespace</exception>
            <exception cref="T:ExcelReportGenerator.Exceptions.InvalidTemplateException"></exception>
            <exception cref="T:ExcelReportGenerator.Exceptions.MethodNotFoundException"></exception>
            <exception cref="T:System.NotSupportedException"></exception>
            <exception cref="T:System.InvalidOperationException"></exception>
        </member>
        <member name="M:ExcelReportGenerator.Rendering.Providers.DefaultMethodCallValueProvider.ParseTemplate(System.String)">
            <summary>
            Parse method call <paramref name="template"/> into <see cref="T:ExcelReportGenerator.Rendering.TemplateParts.MethodCallTemplateParts"/>
            </summary>
        </member>
        <member name="M:ExcelReportGenerator.Rendering.Providers.DefaultMethodCallValueProvider.GetInputParametersValues(System.String,ExcelReportGenerator.Rendering.TemplateProcessors.ITemplateProcessor,ExcelReportGenerator.Rendering.HierarchicalDataItem)">
            <summary>
            Parse input parameters string and returns list of input parameters values
            </summary>
            <param name="templateProcessor">Template processor that will be used for parameters specified as templates</param>
            <param name="dataItem">Data item that will be used for parameters specified as data item templates</param>
        </member>
        <member name="M:ExcelReportGenerator.Rendering.Providers.DefaultMethodCallValueProvider.GetMethod(System.Type,System.String,System.Collections.Generic.IList{ExcelReportGenerator.Rendering.Providers.DefaultMethodCallValueProvider.InputParameter})">
            <summary>
            Find method by name in specified type
            </summary>
            <param name="type">Type where method will be searched</param>
            <param name="inputParameters">List of input method parameters</param>
        </member>
        <member name="T:ExcelReportGenerator.Rendering.Providers.DefaultMethodCallValueProvider.InputParameter">
            <summary>
            Represent input method parameter
            </summary>
        </member>
        <member name="T:ExcelReportGenerator.Rendering.Providers.DefaultPropertyValueProvider">
            <summary>
            Default implementation of <see cref="T:ExcelReportGenerator.Rendering.Providers.IPropertyValueProvider" />
            Provides public properties or fields values via reflection
            </summary>
        </member>
        <member name="M:ExcelReportGenerator.Rendering.Providers.DefaultPropertyValueProvider.#ctor(ExcelReportGenerator.Rendering.Providers.ITypeProvider,ExcelReportGenerator.Rendering.Providers.IInstanceProvider)">
            <param name="typeProvider">Type provider which will be used for type search</param>
            <param name="instanceProvider">Instance provider which will be used to get instance of specified type</param>
        </member>
        <member name="P:ExcelReportGenerator.Rendering.Providers.DefaultPropertyValueProvider.TypeProvider">
            <summary>
            Type provider used for type search
            </summary>
        </member>
        <member name="P:ExcelReportGenerator.Rendering.Providers.DefaultPropertyValueProvider.InstanceProvider">
            <summary>
            Instance provider used to get instance of specified type
            </summary>
        </member>
        <member name="M:ExcelReportGenerator.Rendering.Providers.DefaultPropertyValueProvider.GetValue(System.String)">
            <inheritdoc />
            <exception cref="T:System.ArgumentException">Thrown when <paramref name="propertyTemplate" /> is null, empty string or whitespace</exception>
            <exception cref="T:ExcelReportGenerator.Exceptions.InvalidTemplateException"></exception>
            <exception cref="T:ExcelReportGenerator.Exceptions.MemberNotFoundException"></exception>
            <exception cref="T:System.InvalidOperationException"></exception>
        </member>
        <member name="M:ExcelReportGenerator.Rendering.Providers.DefaultPropertyValueProvider.ParseTemplate(System.String)">
            <summary>
            Parse string <paramref name="template"/> into <see cref="T:ExcelReportGenerator.Rendering.TemplateParts.MemberTemplateParts"/>
            </summary>
        </member>
        <member name="T:ExcelReportGenerator.Rendering.Providers.DefaultTypeProvider">
            <summary>
            Default implementation of <see cref="T:ExcelReportGenerator.Rendering.Providers.ITypeProvider" /> 
            </summary>
        </member>
        <member name="M:ExcelReportGenerator.Rendering.Providers.DefaultTypeProvider.#ctor(System.Collections.Generic.ICollection{System.Reflection.Assembly},System.Type)">
            <param name="assemblies">Collection of assemblies where types will be searched. If null or empty than current execution assembly will be used</param>
            <param name="defaultType">The type that will be returned if the template is not specified explicitly</param>
        </member>
        <member name="P:ExcelReportGenerator.Rendering.Providers.DefaultTypeProvider.Assemblies">
            <summary>
            Collection of assemblies where types are searched
            </summary>
        </member>
        <member name="P:ExcelReportGenerator.Rendering.Providers.DefaultTypeProvider.DefaultType">
            <summary>
            Return type if the template is not specified explicitly
            </summary>
        </member>
        <member name="M:ExcelReportGenerator.Rendering.Providers.DefaultTypeProvider.GetType(System.String)">
            <inheritdoc />
            <exception cref="T:ExcelReportGenerator.Exceptions.InvalidTemplateException"></exception>
            <exception cref="T:ExcelReportGenerator.Exceptions.TypeNotFoundException"></exception>
        </member>
        <member name="T:ExcelReportGenerator.Rendering.Providers.IInstanceProvider">
            <summary>
            Provides instances for templates
            </summary>
        </member>
        <member name="M:ExcelReportGenerator.Rendering.Providers.IInstanceProvider.GetInstance(System.Type)">
            <summary>
            Provides instance of specified <paramref name="type" />
            </summary>
        </member>
        <member name="M:ExcelReportGenerator.Rendering.Providers.IInstanceProvider.GetInstance``1">
            <summary>
            Provides instance of specified <typeparamref name="T" />
            </summary>
        </member>
        <member name="T:ExcelReportGenerator.Rendering.Providers.IMethodCallValueProvider">
            <summary>
            Provides results for methods invocation templates
            </summary>
        </member>
        <member name="M:ExcelReportGenerator.Rendering.Providers.IMethodCallValueProvider.CallMethod(System.String,ExcelReportGenerator.Rendering.TemplateProcessors.ITemplateProcessor,ExcelReportGenerator.Rendering.HierarchicalDataItem)">
            <summary>
            Call method by template
            </summary>
            <param name="templateProcessor">Template processor that will be used for parameters specified as templates</param>
            <param name="dataItem">Data item that will be used for parameters specified as data item templates</param>
            <returns>Method call result</returns>
        </member>
        <member name="M:ExcelReportGenerator.Rendering.Providers.IMethodCallValueProvider.CallMethod(System.String,System.Type,ExcelReportGenerator.Rendering.TemplateProcessors.ITemplateProcessor,ExcelReportGenerator.Rendering.HierarchicalDataItem)">
            <summary>
            Call method by template
            </summary>
            <param name="concreteType">Concrete type where method will be searched</param>
            <param name="templateProcessor">Template processor that will be used for parameters specified as templates</param>
            <param name="dataItem">Data item that will be used for parameters specified as data item templates</param>
            <returns>Method call result</returns>
        </member>
        <member name="T:ExcelReportGenerator.Rendering.Providers.IPropertyValueProvider">
            <summary>
            Provides values for properties templates
            </summary>
        </member>
        <member name="M:ExcelReportGenerator.Rendering.Providers.IPropertyValueProvider.GetValue(System.String)">
            <summary>
            Provides property value based on <paramref name="propertyTemplate" />
            </summary>
        </member>
        <member name="T:ExcelReportGenerator.Rendering.Providers.ITypeProvider">
            <summary>
            Provides types for templates
            </summary>
        </member>
        <member name="M:ExcelReportGenerator.Rendering.Providers.ITypeProvider.GetType(System.String)">
            <summary>
            Provides type based on <paramref name="typeTemplate" />
            </summary>
        </member>
        <member name="T:ExcelReportGenerator.Rendering.Providers.VariableProviders.SystemVariableProvider">
            <summary>
            Provides values for system variable templates
            </summary>
        </member>
        <member name="P:ExcelReportGenerator.Rendering.Providers.VariableProviders.SystemVariableProvider.RenderDate">
            <summary>
            Report render date
            </summary>
        </member>
        <member name="P:ExcelReportGenerator.Rendering.Providers.VariableProviders.SystemVariableProvider.SheetName">
            <summary>
            Name of worksheet that is currently render 
            </summary>
        </member>
        <member name="P:ExcelReportGenerator.Rendering.Providers.VariableProviders.SystemVariableProvider.SheetNumber">
            <summary>
            Number of worksheet that is currently render 
            </summary>
        </member>
        <member name="M:ExcelReportGenerator.Rendering.Providers.VariableProviders.SystemVariableProvider.GetVariable(System.String)">
            <summary>
            Get variable value by its <paramref name="name"/>
            </summary>
            <exception cref="T:System.ArgumentException">Thrown when <paramref name="name" /> is null, empty string or whitespace</exception>
            <exception cref="T:ExcelReportGenerator.Exceptions.InvalidVariableException"></exception>
        </member>
        <member name="T:ExcelReportGenerator.Rendering.SystemFunctions">
            <summary>
            System functions that can be called from Excel-template
            </summary>
        </member>
        <member name="M:ExcelReportGenerator.Rendering.SystemFunctions.GetDictVal(System.Object,System.Object)">
            <summary>
            Returns value from dictionary
            </summary>
            <exception cref="T:System.ArgumentNullException">Thrown when <paramref name="dictionary"/> or <paramref name="key"/> is null</exception>
            <exception cref="T:System.ArgumentException">Thrown when <paramref name="dictionary"/> is not implement <see cref="T:System.Collections.IDictionary"/> interface</exception>
            <exception cref="T:System.Collections.Generic.KeyNotFoundException">Thrown when <paramref name="key"/> is not found in the dictionary</exception>
        </member>
        <member name="M:ExcelReportGenerator.Rendering.SystemFunctions.TryGetDictVal(System.Object,System.Object)">
            <summary>
            Try to return value from dictionary. If key is not found or any exception occurs then returns null
            </summary>
        </member>
        <member name="M:ExcelReportGenerator.Rendering.SystemFunctions.GetByIndex(System.Object,System.Int32)">
            <summary>
            Returns element from list by index
            </summary>
            <param name="list">List must implement <see cref="T:System.Collections.IList"/> interface</param>
            <exception cref="T:System.ArgumentNullException">Thrown when <paramref name="list"/> is null</exception>
            <exception cref="T:System.ArgumentException">Thrown when <paramref name="list"/> is not implement <see cref="T:System.Collections.IList"/> interface</exception>
        </member>
        <member name="M:ExcelReportGenerator.Rendering.SystemFunctions.TryGetByIndex(System.Object,System.Int32)">
            <summary>
            Try to return element from list by index. Returns null if any exception occurs.
            </summary>
        </member>
        <member name="M:ExcelReportGenerator.Rendering.SystemFunctions.Format(System.Object,System.String,System.Object)">
            <summary>
            Returns formatted value
            </summary>
            <param name="input">Input must implement <see cref="T:System.IFormattable"/> interface</param>
            <param name="formatProvider">Can implement <see cref="T:System.IFormatProvider"/>, be a <see cref="T:System.String"/>, <see cref="T:System.Int32"/> or null</param>
            <exception cref="T:System.ArgumentException">Thrown when <paramref name="input"/> is not implement <see cref="T:System.IFormattable"/> interface or <paramref name="formatProvider"/> is invalid</exception>
        </member>
        <member name="T:ExcelReportGenerator.Rendering.TemplateParts.MemberTemplateParts">
            <summary>
            Represent parts from which member template consist of
            </summary>
        </member>
        <member name="T:ExcelReportGenerator.Rendering.TemplateParts.MethodCallTemplateParts">
            <summary>
            Represent parts from which method template consist of
            </summary>
        </member>
        <member name="T:ExcelReportGenerator.Rendering.TemplateProcessors.DefaultTemplateProcessor">
            <summary>
            Default implementation of <see cref="T:ExcelReportGenerator.Rendering.TemplateProcessors.ITemplateProcessor" />
            </summary>
        </member>
        <member name="M:ExcelReportGenerator.Rendering.TemplateProcessors.DefaultTemplateProcessor.#ctor(ExcelReportGenerator.Rendering.Providers.IPropertyValueProvider,ExcelReportGenerator.Rendering.Providers.VariableProviders.SystemVariableProvider,ExcelReportGenerator.Rendering.Providers.IMethodCallValueProvider,ExcelReportGenerator.Rendering.Providers.DataItemValueProviders.IGenericDataItemValueProvider{ExcelReportGenerator.Rendering.HierarchicalDataItem})">
            <param name="propertyValueProvider">See <see cref="T:ExcelReportGenerator.Rendering.Providers.IPropertyValueProvider" /></param>
            <param name="systemVariableProvider">See <see cref="T:ExcelReportGenerator.Rendering.Providers.VariableProviders.SystemVariableProvider" /></param>
            <param name="methodCallValueProvider">See <see cref="T:ExcelReportGenerator.Rendering.Providers.IMethodCallValueProvider" /></param>
            <param name="dataItemValueProvider">See <see cref="T:ExcelReportGenerator.Rendering.Providers.DataItemValueProviders.IGenericDataItemValueProvider`1" /></param>
        </member>
        <member name="P:ExcelReportGenerator.Rendering.TemplateProcessors.DefaultTemplateProcessor.PropertyValueProvider">
            <summary>
            See <see cref="T:ExcelReportGenerator.Rendering.Providers.IPropertyValueProvider" />
            </summary>
        </member>
        <member name="P:ExcelReportGenerator.Rendering.TemplateProcessors.DefaultTemplateProcessor.SystemVariableProvider">
            <summary>
            See <see cref="T:ExcelReportGenerator.Rendering.Providers.VariableProviders.SystemVariableProvider" />
            </summary>
        </member>
        <member name="P:ExcelReportGenerator.Rendering.TemplateProcessors.DefaultTemplateProcessor.DataItemValueProvider">
            <summary>
            See <see cref="T:ExcelReportGenerator.Rendering.Providers.DataItemValueProviders.IGenericDataItemValueProvider`1" />
            </summary>
        </member>
        <member name="P:ExcelReportGenerator.Rendering.TemplateProcessors.DefaultTemplateProcessor.MethodCallValueProvider">
            <summary>
            See <see cref="T:ExcelReportGenerator.Rendering.Providers.IMethodCallValueProvider" />
            </summary>
        </member>
        <member name="P:ExcelReportGenerator.Rendering.TemplateProcessors.DefaultTemplateProcessor.LeftTemplateBorder">
            <inheritdoc />
        </member>
        <member name="P:ExcelReportGenerator.Rendering.TemplateProcessors.DefaultTemplateProcessor.RightTemplateBorder">
            <inheritdoc />
        </member>
        <member name="P:ExcelReportGenerator.Rendering.TemplateProcessors.DefaultTemplateProcessor.MemberLabelSeparator">
            <inheritdoc />
        </member>
        <member name="P:ExcelReportGenerator.Rendering.TemplateProcessors.DefaultTemplateProcessor.PropertyMemberLabel">
            <inheritdoc />
        </member>
        <member name="P:ExcelReportGenerator.Rendering.TemplateProcessors.DefaultTemplateProcessor.MethodCallMemberLabel">
            <inheritdoc />
        </member>
        <member name="P:ExcelReportGenerator.Rendering.TemplateProcessors.DefaultTemplateProcessor.DataItemMemberLabel">
            <inheritdoc />
        </member>
        <member name="P:ExcelReportGenerator.Rendering.TemplateProcessors.DefaultTemplateProcessor.SystemVariableMemberLabel">
            <inheritdoc />
        </member>
        <member name="P:ExcelReportGenerator.Rendering.TemplateProcessors.DefaultTemplateProcessor.SystemFunctionMemberLabel">
            <inheritdoc />
        </member>
        <member name="P:ExcelReportGenerator.Rendering.TemplateProcessors.DefaultTemplateProcessor.HorizontalPageBreakLabel">
            <inheritdoc />
        </member>
        <member name="P:ExcelReportGenerator.Rendering.TemplateProcessors.DefaultTemplateProcessor.VerticalPageBreakLabel">
            <inheritdoc />
        </member>
        <member name="P:ExcelReportGenerator.Rendering.TemplateProcessors.DefaultTemplateProcessor.DataItemSelfTemplate">
            <inheritdoc />
        </member>
        <member name="M:ExcelReportGenerator.Rendering.TemplateProcessors.DefaultTemplateProcessor.GetValue(System.String,ExcelReportGenerator.Rendering.HierarchicalDataItem)">
            <inheritdoc />
            <exception cref="T:System.ArgumentException">Thrown when <paramref name="template" /> is null, empty string or whitespace</exception>
            <exception cref="T:ExcelReportGenerator.Exceptions.InvalidTemplateException"></exception>
            <exception cref="T:System.InvalidOperationException"></exception>
        </member>
        <member name="T:ExcelReportGenerator.Rendering.TemplateProcessors.ITemplateProcessor">
            <summary>
            Handles report templates
            </summary>
        </member>
        <member name="P:ExcelReportGenerator.Rendering.TemplateProcessors.ITemplateProcessor.LeftTemplateBorder">
            <summary>
            Left template border
            Cannot be null, empty or whitespace
            </summary>
        </member>
        <member name="P:ExcelReportGenerator.Rendering.TemplateProcessors.ITemplateProcessor.RightTemplateBorder">
            <summary>
            Right template border
            Cannot be null, empty or whitespace
            </summary>
        </member>
        <member name="P:ExcelReportGenerator.Rendering.TemplateProcessors.ITemplateProcessor.MemberLabelSeparator">
            <summary>
            Separator between member label (Property, MethodCall, DataItem) and member template
            Cannot be null or empty
            </summary>
        </member>
        <member name="P:ExcelReportGenerator.Rendering.TemplateProcessors.ITemplateProcessor.PropertyMemberLabel">
            <summary>
            Property label
            Cannot be null, empty or whitespace
            </summary>
        </member>
        <member name="P:ExcelReportGenerator.Rendering.TemplateProcessors.ITemplateProcessor.MethodCallMemberLabel">
            <summary>
            Method call label
            Cannot be null, empty or whitespace
            </summary>
        </member>
        <member name="P:ExcelReportGenerator.Rendering.TemplateProcessors.ITemplateProcessor.DataItemMemberLabel">
            <summary>
            Data item label
            Cannot be null, empty or whitespace
            </summary>
        </member>
        <member name="P:ExcelReportGenerator.Rendering.TemplateProcessors.ITemplateProcessor.SystemVariableMemberLabel">
            <summary>
            System variable label
            Cannot be null, empty or whitespace
            </summary>
        </member>
        <member name="P:ExcelReportGenerator.Rendering.TemplateProcessors.ITemplateProcessor.SystemFunctionMemberLabel">
            <summary>
            System function label
            Cannot be null, empty or whitespace
            </summary>
        </member>
        <member name="P:ExcelReportGenerator.Rendering.TemplateProcessors.ITemplateProcessor.HorizontalPageBreakLabel">
            <summary>
            Horizontal page break label
            Cannot be null, empty or whitespace
            </summary>
        </member>
        <member name="P:ExcelReportGenerator.Rendering.TemplateProcessors.ITemplateProcessor.VerticalPageBreakLabel">
            <summary>
            Vertical page break label
            Cannot be null, empty or whitespace
            </summary>
        </member>
        <member name="P:ExcelReportGenerator.Rendering.TemplateProcessors.ITemplateProcessor.DataItemSelfTemplate">
            <summary>
             This template used if you want to return the data item itself
             Cannot be null, empty or whitespace
            </summary>
        </member>
        <member name="M:ExcelReportGenerator.Rendering.TemplateProcessors.ITemplateProcessor.GetValue(System.String,ExcelReportGenerator.Rendering.HierarchicalDataItem)">
            <summary>
            Get value based on <paramref name="template"/>
            </summary>
            <param name="dataItem">Data item that will be used if template is the data item template</param>
        </member>
    </members>
</doc>
